{
  "display": {
    "background": "minecraft:textures/block/stone.png",
    "icon": {
      "item": "minecraft:experience_bottle"
    },
    "title": "Xp",
    "description": "xp made ",
    "frame": "task",
    "show_toast": true,
    "announce_to_chat": true,
    "hidden": true
  },
  "criteria": {
    "xp": {
      "trigger": "minecraft:placed_block",
      "conditions": {
        "item": {
          "item": "minecraft:polished_granite_slab"
        }
      }
    }
  },
  "rewards": {
    "experience": 9,
    "recipes": [
      "minecraft:lock"
    ]
  }
}