{
  "_fv": 10,
  "_type": "recipe",
  "definition": {
    "recipeType": "Crafting",
    "xpReward": 0.0,
    "cookingTime": 200,
    "recipeRetstackSize": 6,
    "group": "",
    "recipeShapeless": false,
    "recipeSlots": [
      {
        "value": ""
      },
      {
        "value": ""
      },
      {
        "value": ""
      },
      {
        "value": "Items.ROTTEN_FLESH"
      },
      {
        "value": "Items.GLASS_BOTTLE"
      },
      {
        "value": "Items.ROTTEN_FLESH"
      },
      {
        "value": "Items.ROTTEN_FLESH"
      },
      {
        "value": "Items.ROTTEN_FLESH"
      },
      {
        "value": "Items.ROTTEN_FLESH"
      }
    ],
    "recipeReturnStack": {
      "value": "Items.EXPERIENCE_BOTTLE"
    },
    "name": "lock",
    "namespace": "minecraft"
  }
}