{
  "_fv": 10,
  "_type": "achievement",
  "definition": {
    "achievementName": "Xp",
    "achievementDescription": "xp made ",
    "achievementIcon": {
      "value": "Items.EXPERIENCE_BOTTLE"
    },
    "background": "Default",
    "disableDisplay": false,
    "showPopup": true,
    "announceToChat": true,
    "hideIfNotCompleted": true,
    "rewardLoot": [],
    "rewardRecipes": [
      "Lock"
    ],
    "rewardFunction": "No function",
    "rewardXP": 9,
    "achievementType": "task",
    "parent": {
      "value": "No parent: root"
    },
    "triggerxml": "<xml xmlns=\"https://developers.google.com/blockly/xml\"><block type=\"item_consumed\" x=\"16\" y=\"10\"><value name=\"item\"><block type=\"mcitem_all\"><field name=\"value\"/></block></value></block><block type=\"block_placed\" x=\"49\" y=\"42\"><value name=\"block\"><block type=\"mcitem_allblocks\"><field name=\"value\">Blocks.POLISHED_GRANITE_SLAB</field></block></value><next><block type=\"advancement_trigger\" deletable=\"false\"/></next></block></xml>"
  }
}